bucket,t_start,t_end,motion_mean,motion_max,top_cell_row,top_cell_col,cut_frames,n_samples
0,0.0,1.0,2.3475,3.1414,1,3,0,4
1,1.0,2.0,1.5183,1.7104,0,2,0,5
2,2.0,3.0,1.2407,1.3158,0,1,0,5
3,3.0,4.0,1.1767,1.2523,0,1,0,5
4,4.0,5.0,1.0922,1.1668,0,1,0,5
5,5.0,6.0,1.0104,1.0436,0,1,0,5
6,6.0,7.0,0.9723,1.0173,1,2,0,5
7,7.0,8.0,0.9547,0.977,1,2,0,5
8,8.0,9.0,1.6443,2.7456,2,3,0,5
9,9.0,10.0,2.428,2.8661,2,2,0,5
10,10.0,11.0,1.3595,1.7477,1,3,0,5
11,11.0,12.0,1.0981,1.1653,1,2,0,5
12,12.0,13.0,1.6514,2.4858,1,3,0,5
13,13.0,14.0,3.56,3.7175,2,3,0,5
14,14.0,15.0,3.0927,3.4842,2,1,0,5
15,15.0,16.0,1.9422,2.2638,1,2,0,5
16,16.0,17.0,3.7338,4.1278,2,3,0,5
17,17.0,18.0,3.5402,3.9894,2,2,0,5
18,18.0,19.0,3.1873,3.3355,1,3,0,5
19,19.0,20.0,3.1193,3.5074,1,3,0,5
20,20.0,21.0,3.0565,3.1905,1,3,0,5
21,21.0,22.0,2.8084,3.0144,1,3,0,5
22,22.0,23.0,2.5539,2.6341,1,2,0,5
23,23.0,24.0,2.4734,2.5245,1,3,0,5
24,24.0,25.0,2.5064,2.5581,1,3,0,5
25,25.0,26.0,2.6657,2.7041,1,3,0,5
26,26.0,27.0,3.2035,3.4174,1,3,0,5
27,27.0,28.0,3.3829,3.9276,1,3,0,5
28,28.0,29.0,4.4445,4.5163,2,2,0,5
29,29.0,30.0,4.132,4.5682,2,1,0,5
30,30.0,31.0,2.6061,2.7032,1,3,0,5
31,31.0,32.0,2.8053,2.9627,1,3,0,5
32,32.0,33.0,3.07,3.1949,1,3,0,5
33,33.0,34.0,4.3996,4.6952,2,3,0,5
34,34.0,35.0,4.3583,4.6395,2,3,0,5
35,35.0,36.0,3.8437,3.9823,2,2,0,5
36,36.0,37.0,4.5546,4.7471,1,1,0,5
37,37.0,38.0,5.0389,5.3992,1,1,0,5
38,38.0,39.0,6.0216,6.6622,1,1,0,5
39,39.0,40.0,7.5933,7.9532,2,2,0,5
40,40.0,41.0,8.3556,8.6475,2,3,0,5
41,41.0,42.0,7.2112,7.8654,1,1,0,5
42,42.0,43.0,7.3611,7.7001,1,1,0,5
43,43.0,44.0,7.5916,7.739,2,3,0,5
44,44.0,45.0,7.4441,7.7703,2,2,0,5
45,45.0,46.0,7.1327,7.2386,2,3,0,5
46,46.0,47.0,7.0589,7.2133,2,3,0,5
47,47.0,48.0,6.5272,7.0688,2,3,0,5
48,48.0,49.0,6.1054,6.2541,2,3,0,5
49,49.0,50.0,6.6513,6.8889,1,3,0,5
50,50.0,51.0,6.5047,6.7166,2,3,0,5
51,51.0,52.0,6.3556,6.6664,2,3,0,5
52,52.0,53.0,7.0724,7.4105,2,3,0,5
53,53.0,54.0,7.8859,8.199,1,2,0,5
54,54.0,55.0,8.243,8.388,1,1,0,5
55,55.0,56.0,7.9261,8.2029,1,1,0,5
56,56.0,57.0,7.4484,7.8286,1,1,0,5
57,57.0,58.0,7.8279,7.9873,2,2,0,5
58,58.0,59.0,7.4898,7.5969,2,2,0,5
59,59.0,60.0,7.556,7.6438,2,3,0,5
60,60.0,61.0,7.2278,7.3257,2,3,0,5
61,61.0,62.0,7.0968,7.2368,2,3,0,5
62,62.0,63.0,7.4172,7.5361,2,3,0,5
63,63.0,64.0,7.6952,7.7932,2,3,0,5
64,64.0,65.0,7.6454,7.8355,2,3,0,5
65,65.0,66.0,7.0546,7.325,2,3,0,5
66,66.0,67.0,6.7026,6.7773,2,3,0,5
67,67.0,68.0,6.6325,6.7513,2,3,0,5
68,68.0,69.0,6.7258,6.8765,2,3,0,5
69,69.0,70.0,6.9546,7.0681,2,3,0,5
70,70.0,71.0,6.6557,6.9073,2,3,0,5
71,71.0,72.0,6.3011,6.5035,2,3,0,5
72,72.0,73.0,6.0583,6.265,2,3,0,5
73,73.0,74.0,5.0325,5.4736,2,3,0,5
74,74.0,75.0,4.5102,4.6662,2,3,0,5
75,75.0,76.0,4.2162,4.4067,2,3,0,5
76,76.0,77.0,4.2062,4.4184,1,3,0,5
77,77.0,78.0,4.0542,4.1062,2,3,0,5
78,78.0,79.0,3.7841,3.935,2,3,0,5
79,79.0,80.0,3.3915,3.5404,2,2,0,5
80,80.0,81.0,2.8698,3.0059,2,2,0,5
81,81.0,82.0,2.7664,2.8099,2,3,0,5
82,82.0,83.0,2.5648,2.6993,2,3,0,5
83,83.0,84.0,2.2739,2.379,2,3,0,5
84,84.0,85.0,2.0334,2.152,2,3,0,5
85,85.0,86.0,1.6981,1.8628,1,3,0,5
86,86.0,87.0,1.4897,1.5374,1,3,0,5
87,87.0,88.0,1.3753,1.4922,1,3,0,5
88,88.0,89.0,1.1999,1.2549,1,3,0,5
89,89.0,90.0,1.1665,1.1821,1,3,0,5
90,90.0,91.0,1.2024,1.2216,1,2,0,5
91,91.0,92.0,1.1984,1.2721,1,2,0,5
92,92.0,93.0,1.3361,1.3859,1,2,0,5
93,93.0,94.0,1.3849,1.4002,2,2,0,5
94,94.0,95.0,1.5767,1.6349,2,2,0,5
95,95.0,96.0,1.7124,1.855,1,2,0,5
96,96.0,97.0,1.923,2.0228,2,2,0,5
97,97.0,98.0,2.3319,2.5533,2,1,0,5
98,98.0,99.0,2.7005,2.7893,2,1,0,5
99,99.0,100.0,2.4356,2.6766,1,3,0,5
100,100.0,101.0,2.3718,2.4669,1,3,0,5
101,101.0,102.0,2.7943,2.9265,1,3,0,5
102,102.0,103.0,3.0822,3.1562,1,3,0,5
103,103.0,104.0,2.9983,3.1295,1,3,0,5
104,104.0,105.0,2.6582,2.773,1,3,0,5
105,105.0,106.0,2.5824,2.667,2,1,0,5
106,106.0,107.0,2.6259,2.695,1,3,0,5
107,107.0,108.0,2.3846,2.5362,1,3,0,5
108,108.0,109.0,3.1485,3.5185,2,1,0,5
109,109.0,110.0,3.5215,3.585,2,2,0,5
110,110.0,111.0,3.4842,3.771,2,1,0,5
111,111.0,112.0,4.2521,4.5493,2,3,0,5
112,112.0,113.0,3.9105,4.3236,2,3,0,5
113,113.0,114.0,3.4731,3.52,1,3,0,5
114,114.0,115.0,3.6978,3.7473,1,2,0,5
115,115.0,116.0,3.8367,3.9158,1,3,0,5
116,116.0,117.0,4.2307,4.4153,1,3,0,5
117,117.0,118.0,4.7121,4.8792,1,2,0,5
118,118.0,119.0,5.1415,5.3515,1,2,0,5
119,119.0,120.0,5.5772,5.7969,1,1,0,5
120,120.0,121.0,5.5353,5.5959,1,1,0,5
121,121.0,122.0,5.7542,5.8706,1,1,0,5
122,122.0,123.0,6.0312,6.2256,1,2,0,5
123,123.0,124.0,6.9939,7.256,2,3,0,5
124,124.0,125.0,6.8178,7.1462,2,3,0,5
125,125.0,126.0,6.5788,6.8254,2,3,0,5
126,126.0,127.0,5.9842,6.3573,2,3,0,5
127,127.0,128.0,6.4023,6.9525,2,3,0,3
